noisy_error_mm,kabsch_error_mm,opt_no_filter_error_mm,opt_error_mm,kabsch_rotation_error_deg,opt_no_filter_rotation_error_deg,opt_rotation_error_deg,kabsch_translation_error_mm,opt_no_filter_translation_error_mm,opt_translation_error_mm,noisy_center_error_mm,kabsch_center_error_mm,opt_no_filter_center_error_mm,opt_center_error_mm
439.8987522402584,317.7845703097614,178.7924031364273,178.86058362914727,22.097463513811064,12.354345597273438,12.354345597273438,204.1218615164045,124.11488014296272,124.23144694554225,204.1218615164045,204.12186151640452,124.11488014296273,124.23144694554225
414.65421391687937,239.1681951531766,131.7416917780084,132.72169305296592,13.971182190679496,9.949368350348646,9.949368350348646,180.80274841297268,78.2095681307391,80.31940267758681,180.80274841297265,180.80274841297268,78.20956813073907,80.31940267758677
398.65489540017165,159.69175117418567,93.1793425131241,94.12686592141284,8.166097750031707,7.663810169671518,7.663810169671518,140.18142263067597,43.910302883007084,45.842436763668175,140.18142263067597,140.18142263067602,43.91030288300709,45.842436763668154
432.5576427005511,208.00512683336734,66.43274557332249,66.10523975898364,12.73706048858176,5.939724789698349,5.939724789698349,167.91839511483067,19.795398904765463,18.507657002089154,167.91839511483067,167.91839511483067,19.795398904765463,18.507657002089154
383.70953499454725,147.04205507643852,55.249589270257644,55.43208450424295,11.898964105963794,4.911802150561955,4.911802150561955,71.16991101188115,18.274703414876644,18.36987419822992,71.16991101188115,71.16991101188115,18.274703414876683,18.36987419822995
496.8541114575561,268.19942875200456,67.69314403846226,64.85354278937326,11.820204149851591,4.451791128634209,4.4517911286338805,237.3802580544631,52.6576959732011,47.44505521707619,237.38025805446307,237.38025805446304,52.65769597320104,47.44505521707613
417.46020755843307,171.9568843026049,86.11162285300517,82.33497723724025,9.562117323851144,3.998480800813559,3.998480800813559,142.60250376032474,78.72696122284843,74.41626400209019,142.60250376032474,142.60250376032474,78.72696122284836,74.4162640020901
385.1444934188393,165.63916708240515,101.4634358237736,99.23841070378064,13.015730773405425,3.4499131497763966,3.4499131497763966,102.0660409106977,97.04599747864873,94.69253132525571,102.0660409106977,102.0660409106977,97.0459974786488,94.69253132525571
479.60195237583724,329.769608034339,109.85316696666999,111.47821608836873,13.829205290945215,2.738775699949682,2.7387756999494157,306.57933415953386,107.38076918879844,109.0574614093435,306.57933415953386,306.57933415953386,107.38076918879838,109.0574614093435
473.0870900088667,298.7833408999246,113.88025455569152,122.5404809636436,11.336586746453566,2.452848861735379,2.4528488617356765,269.63356709088424,112.02948492023224,120.85565645013666,269.63356709088424,269.63356709088424,112.02948492023208,120.85565645013666
518.7141948680759,330.4707579963576,128.34994124982612,132.458045831092,28.451960238107905,2.091785316048557,2.0917853160482083,156.39467776478907,127.18754654138594,131.33644724559858,156.39467776478907,156.3946777647891,127.18754654138594,131.33644724559858
484.2660036810227,346.8939186811994,143.20392982917852,137.16559381757935,7.025154002634429,1.9750598597315117,1.9750598597315117,342.05495874142815,142.27614271247947,136.19844056418216,342.05495874142815,342.05495874142815,142.2761427124794,136.19844056418216
310.8281009355509,218.8122315348808,137.77931947700728,129.6838397893135,7.695916546783106,2.2568758582943564,2.2568758582943564,204.67613575509762,136.4894140217033,128.32995667559624,204.67613575509762,204.67613575509762,136.4894140217033,128.32995667559624
368.1625592556821,188.23137057121707,111.07171564480447,107.39379051720493,2.654455473289873,2.7388544483298634,2.7388544483293313,186.56864941973546,108.66135716844497,104.92274719797976,186.56864941973546,186.56864941973546,108.66135716844497,104.92274719797976
323.1745939510849,188.8121563710211,76.09782271506334,78.45005800899135,12.818677562338317,3.5199854405521838,3.5199854405521838,138.85804850818482,69.55379687716832,72.0419953131029,138.85804850818482,138.85804850818482,69.55379687716832,72.0419953131029
425.27906015139104,125.44878366409334,60.21686856275995,62.667630964761415,5.624220952207791,4.395359588894041,4.395359588894041,115.36370791722516,39.1415949102329,42.80382597291367,115.36370791722516,115.36370791722516,39.1415949102329,42.80382597291367
448.2918554644072,209.81837383068677,65.5551640096774,66.88284131668648,13.094902664632517,5.454265344175853,5.4542653441757185,160.11512762989864,25.08544292252698,28.72328489360402,160.1151276298989,160.1151276298989,25.085442922527122,28.723284893604067
522.0709424957365,225.61758961284727,77.21843952003046,76.64629116199296,15.636417818608132,6.519552019590508,6.519552019590508,149.19308900169878,30.84202714562904,29.475286083498283,149.19308900169878,149.19308900169878,30.84202714562904,29.475286083498283
455.0702527822815,212.1209187176409,96.39366070701992,95.51643408197835,13.811940481623706,7.860306425230332,7.860306425230332,162.64232831023267,47.2399679698283,43.919657587283446,162.64232831023267,162.6423283102326,47.23996796982833,43.919657587283446
493.16500073736273,210.12655389009743,127.85851785690872,127.57855356292133,11.066809280723657,9.944354804148645,9.944354804148645,185.0438119099068,67.33981052331976,65.58646989820618,185.0438119099069,185.0438119099069,67.33981052331963,65.586469898206
520.3330152931502,319.88769502091196,165.85879114488793,162.32743991088105,9.332983861597514,12.476858690152659,12.4768586901526,310.5438779258195,89.96661169464879,83.01777640775157,310.5438779258195,310.5438779258195,89.96661169464879,83.01777640775157
374.26681314819035,232.46357732780032,201.925348759307,197.66606893152917,7.787879036920532,15.74000759225133,15.74000759225133,221.99171403614983,98.97229777683171,90.71431878391212,221.99171403614983,221.99171403614983,98.97229777683171,90.71431878391212
394.55832911753146,174.33120638755466,235.52645682527788,234.29475129928622,8.393638379905205,19.646035286390298,19.646035286390298,156.84744651014395,94.03585377900927,91.09837501068226,156.84744651014395,156.84744651014395,94.03585377900927,91.09837501068226
475.05278674447993,318.61425457243774,278.5246542488339,279.02381859698835,24.639741186026466,24.40327634445635,24.40327634445632,205.25341569262736,88.90788359549293,89.20573017595275,205.25341569262736,205.25341569262736,88.90788359549282,89.20573017595287
368.31745643698997,235.87430741405646,335.814038186166,336.195813925934,18.211765349305814,30.26822015704043,30.26822015704043,139.627345565281,84.06330744815693,85.05315890586103,139.627345565281,139.6273455652811,84.06330744815693,85.05315890586135
510.45835208488256,315.2391786558954,401.5276162656496,401.7773516832116,21.458055865053268,37.0440199401085,37.04401994010848,234.56948831193182,73.03485739843022,74.49898144823773,234.56948831193182,234.56948831193182,73.0348573984303,74.49898144823773
528.9663054672444,245.44332058365933,477.56549779392475,477.59189285051525,16.18692906344375,44.96792046125705,44.96792046125705,186.6058589981552,56.09396334503351,56.410562976016834,186.6058589981552,186.6058589981552,56.09396334503351,56.410562976016834
483.87392083678486,273.11579894223144,566.4246653236945,566.2347057115578,19.320926097180497,54.41362226891811,54.41362226891811,208.97432944628545,38.05033893832314,36.639203133220576,208.97432944628545,208.97432944628545,38.05033893832314,36.639203133220576
404.21685153886875,164.0411229029452,668.561578202783,669.3463005230194,9.852478868981626,65.57628786895154,65.57628786895152,135.98756513083788,24.543136138666203,30.249318859077526,135.98756513083788,135.98756513083788,24.543136138666203,30.249318859077526
422.3418357151693,193.77992574195017,784.1968674088934,784.4943900628292,11.036123959611807,78.63055961564768,78.63055961564767,162.4374252945924,38.640534516572274,40.7263157299102,162.4374252945924,162.43742529459232,38.64053451657229,40.726315729910176
420.9689821412159,231.12177180078865,905.7674915285576,905.4266009781977,17.466554672170442,93.80939290366145,93.80939290366146,144.17987380475324,51.782004608819506,49.40833798856549,144.17987380475316,144.17987380475316,51.78200460881947,49.408337988565464
495.6003112612188,243.92817572949966,1024.2287556542403,1023.4195275227275,10.042877696699003,111.27846529173048,111.27846529173047,214.88499793429995,53.90909580842441,47.8970370595069,214.8849979342996,214.88499793429972,53.90909580842409,47.89703705950658
390.49974858612904,167.97162347139079,1129.5438766085847,1129.2304770068745,10.629513737559684,131.36436738636093,131.36436738636093,127.87041426048133,45.636209409074425,43.14645286270214,127.87041426048127,127.87041426048127,45.63620940907452,43.14645286270223
340.4920192418313,149.48744920319356,1207.9028028238533,1208.2987819859109,14.223376912923602,153.2413432552844,153.24134325528442,27.26029779562463,55.76534083970784,58.62132193510197,27.26029779562463,27.26029779562463,55.76534083970784,58.62132193510197
457.60645861991,217.80189345136296,1246.4893483543437,1246.858545297236,17.661018004069067,175.7500455211092,175.7500455211092,117.02939879896859,89.37268007651599,91.66529668359937,117.02939879896859,117.0293987989688,89.37268007651599,91.66529668359937
435.18422438215595,296.8856231363218,1237.9485702841,1237.7174821427536,16.848428496892563,161.88457926407705,161.88457926407702,241.77230975571834,122.83012471850212,121.44968551553352,241.77230975571845,241.77230975571837,122.83012471850209,121.44968551553349
458.59625711025376,190.72466086955242,1181.3786155277119,1180.706321081228,8.624478052820436,139.80591261559715,139.80591261559715,173.7623143971775,138.6715568822343,135.44803190729834,173.7623143971775,173.7623143971775,138.6715568822343,135.44803190729834
424.5421388032998,273.311749333695,1087.1018044818852,1086.35863855567,9.885046565898422,119.34445553160289,119.34445553160286,259.18501209675884,133.35779716405662,130.2445977893458,259.18501209675884,259.18501209675884,133.35779716405662,130.2445977893458
460.02515841687836,220.6364150336057,969.1264723916751,969.1112103908422,5.12859916749961,100.87554762327966,100.87554762327969,214.59515050969432,110.37404083483331,110.45937947931435,214.59515050969432,214.59515050969432,110.37404083483331,110.45937947931428
392.3157332115582,188.94225989132096,843.4329857455226,844.1788514584824,7.664159772190916,84.62035168037721,84.62035168037721,176.8404016790468,82.01239696911132,85.48256281669663,176.8404016790468,176.84040167904683,82.01239696911138,85.48256281669663
477.2167912081115,169.8632641029272,721.3472391235014,722.0601755018872,9.44303038330014,70.45145495656193,70.45145495656193,138.83310572492968,61.65459188723406,65.28695793858044,138.83310572492968,138.83310572492968,61.65459188723406,65.28695793858044
419.5664484500108,284.1959662483758,613.536485068434,613.3881864826154,19.63053425744941,58.62877497994737,58.62877497994737,176.59320327191858,58.6072802300128,57.46675425229424,176.59320327191853,176.59320327191853,58.60728023001274,57.466754252294194
443.8360962451324,215.15464154083006,521.1500825211388,519.9385303362275,12.86348782021429,48.781725011382946,48.781725011382896,181.60234713058054,67.90081841895325,61.83592596698064,181.60234713058063,181.60234713058063,67.90081841895332,61.83592596698071
417.5178324388077,208.0730565174914,441.6398433239046,440.92626346008814,13.201770591976919,40.607692359306085,40.607692359306085,152.95152791329832,72.28511557234424,69.51032474737642,152.95152791329832,152.95152791329832,72.28511557234421,69.5103247473764
484.73971529721223,232.67230455501902,370.5491871891952,371.3403778341748,18.361093513445805,33.60887112243995,33.60887112243997,133.70084983303389,69.84661334824956,73.19360337883977,133.70084983303389,133.70084983303389,69.84661334824956,73.19360337883977
414.5915445444421,139.73007403492974,315.7549723989426,316.3789336176405,8.185038202592331,28.282044928917205,28.282044928917152,115.65232578999827,69.5775858556268,71.85666733629672,115.65232578999827,115.65232578999827,69.5775858556268,71.85666733629672
472.5069853850191,278.48694341241884,270.499979003156,269.2523174311979,9.03927178971896,23.862366212940373,23.862366212940373,261.0650305289251,74.410057080979,69.0969604009736,261.06503052892515,261.06503052892515,74.41005708097904,69.09696040097364
412.972732047516,185.92411439842581,231.33954353124832,230.03027191880804,8.458916182594969,20.182211291290816,20.182211291290887,165.56814826201318,74.16994498268629,69.39004640075815,165.56814826201318,165.56814826201318,74.16994498268623,69.39004640075811
573.1737083293751,330.979674960484,198.5096003426122,198.41051757298703,23.26770489597881,17.03064919590972,17.03064919590972,236.44594784907446,75.06551758821674,74.71089342079362,236.44594784907449,236.44594784907449,75.06551758821675,74.7108934207936
450.48404124042145,189.07277342419013,170.01472724520244,171.59552480771794,7.65787869921152,14.094304928380428,14.094304928380428,167.4957141104947,77.67989300649228,82.82352032782212,167.4957141104947,167.4957141104947,77.67989300649225,82.82352032782211
380.65681963432627,131.741263257146,148.28527623785845,149.14833179173598,5.314678917832198,11.494539442052973,11.494539442052973,123.68113664908932,85.97700763490478,88.67881574983933,123.68113664908935,123.68113664908935,85.97700763490475,88.67881574983933
475.93689021595884,213.8252352621223,132.14305965319227,128.68653397356022,8.782066269724364,9.225639874880914,9.225639874880914,199.59446480798027,94.72267252585414,88.57208610975756,199.5944648079803,199.59446480798027,94.72267252585415,88.57208610975758
440.34164732926934,258.01634074720005,114.73198143410474,110.78438235295968,10.848774835994996,7.416852619427228,7.416852619427031,234.62474117462432,90.18261828228441,83.56557842238918,234.62474117462432,234.62474117462432,90.18261828228441,83.56557842238918
473.7796522189077,197.37716842336994,94.60487637390776,97.49532515543308,16.155604088829268,5.91687289758069,5.916872897580815,108.79303748082562,76.05043220182161,79.63861197721033,108.79303748082562,108.79303748082562,76.05043220182154,79.63861197721029
323.6004139454761,110.16620353057667,88.75482389676083,95.621478318469,4.182085638471452,5.148371132701652,5.148371132701368,101.52827386847328,74.37144546500656,83.03003767960675,101.52827386847328,101.52827386847328,74.37144546500656,83.03003767960675
353.6715420352285,264.5793063266243,96.73053244918864,102.84720526450134,20.528664589239476,4.73101499098551,4.731014990985047,136.50295698998798,86.436618369394,93.38480287220672,136.50295698998798,136.50295698998792,86.436618369394,93.38480287220669
516.2248965721058,406.2101705588809,115.81390134498598,113.37597281874874,27.575379063969276,4.5442959518700885,4.544295951869606,302.9849532160518,107.83133042198219,104.83691989842242,302.9849532160518,302.9849532160518,107.83133042198219,104.83691989842242
486.18257865671103,183.81185301088797,128.32332302232754,119.36991999319547,7.330259098693576,3.76095839485102,3.76095839485102,173.43255641435343,122.48978721233502,112.83990941690071,173.43255641435343,173.43255641435343,122.48978721233489,112.83990941690068
520.6400691508467,405.5098053648263,130.76650547331323,121.83079630916252,13.261317019641721,2.9771141057571318,2.977114105757867,385.63831120535576,126.42976499000092,117.10527188212814,385.63831120535576,385.63831120535576,126.42976499000095,117.10527188212815
392.1658236894669,174.38856769984923,118.92459320386759,121.5282317827732,11.733959426702143,2.4688512799526605,2.46885127995207,129.60033497868955,115.64683282497084,118.31318120990561,129.60033497868955,129.60033497868955,115.64683282497084,118.31318120990572
485.31272640907235,288.8919938417808,109.14191418788566,115.84930243575253,8.85352738820636,2.3385908740158468,2.3385908740158468,270.8478828558525,106.52385085623162,113.30854566792475,270.8478828558525,270.8478828558525,106.52385085623162,113.30854566792475
407.5499604416417,245.00666963993615,97.91435888555637,99.83654809174348,18.948803994051932,2.3438736398358904,2.3438736398358904,154.50693610905944,95.38765322180296,97.32937078257694,154.50693610905944,154.50693610905944,95.38765322180286,97.32937078257692
511.9943672180729,279.0703358771361,80.09678684549931,73.74690225616645,3.813878192179714,2.309588431642328,2.309588431642012,275.83163878996453,77.21024503327902,70.58942887200891,275.83163878996453,275.83163878996436,77.21024503327902,70.58942887200891
498.1067511587452,125.73032453054824,50.55937864833037,46.507447137100975,12.020951591298996,2.392052175971774,2.3920521759714695,18.181881022508147,45.357550376846916,40.78815063469905,18.181881022508147,18.181881022508147,45.357550376846916,40.78815063469905
440.61638298502163,121.26353982288849,35.25409812930222,34.53007014341169,10.96516393837828,2.6085343752928525,2.6085343752920136,27.09144213542978,23.010128885275453,21.483299682104224,27.09144213542978,27.09144213542978,23.010128885275453,21.483299682104224
456.37127386992506,320.947857844354,37.947079283335434,36.29669884699488,22.94524508824475,2.779294561836128,2.779294561835603,193.2455482597156,23.459420596528485,20.199520688518,193.2455482597156,193.24554825971555,23.459420596528485,20.199520688518
499.5364196890608,327.9475556433081,42.20639533367187,39.88454685084921,25.936646938713512,2.932985617548951,2.9329856175494484,191.45745749595613,27.47116707076901,24.457326546461395,191.45745749595613,191.45745749595613,27.47116707076901,24.457326546461395
479.60043760276545,288.6276352081296,51.71489080174433,48.26874320454662,17.818972251610777,2.885561621540721,2.88556162153971,243.06759350225715,44.01101154675305,39.79534761286908,243.06759350225715,243.06759350225715,44.01101154675305,39.79534761286908
404.3948486066541,257.31970432700774,73.9739565798248,71.31497982549361,20.55468750420362,3.0591064864872264,3.0591064864865114,151.49148159446517,69.45514203481814,66.66705661996603,151.49148159446517,151.49148159446517,69.45514203481814,66.6670566199662
451.175433068096,228.7463255952319,97.69147718108299,97.03452571224933,17.850763341575473,2.817377116502256,2.817377116501738,128.00314721726355,94.66432453572608,94.04887039399858,128.00314721726355,128.00314721726355,94.66432453572608,94.04887039399858
351.07829733696695,206.33364675809054,117.00020213487312,113.76609629034579,12.20066975222492,2.546006882986466,2.546006882986466,165.0479445801864,114.92249273368982,111.65338171308734,165.04794458018625,165.04794458018625,114.92249273368964,111.65338171308737
384.50977832849634,277.91884476350106,122.20284881756248,115.96477026381012,14.426266150228786,2.4099630862229264,2.409963086223229,239.8719381160057,120.5166873217601,114.1839910402027,239.8719381160057,239.8719381160057,120.5166873217601,114.1839910402027
430.9126749254658,173.00993176285624,108.01951740471091,106.14480235891541,10.675739934864781,2.178785571295516,2.178785571295516,140.6069962075848,106.4817568968817,104.57333996551458,140.6069962075848,140.6069962075848,106.48175689688192,104.57333996551458
494.43693017146666,249.6881574731758,87.7768612691176,94.5016188443826,18.96236055334644,1.8787423168253403,1.8787423168257285,138.6965942840919,86.37649836991872,93.20336452305013,138.69659428409196,138.6965942840919,86.3764983699189,93.20336452305033
384.4480244868171,213.40250193277072,83.16341099258926,89.0990582872165,8.777355499708563,1.5608537604965262,1.5608537604951251,194.70140963647015,81.90716791463129,87.95335820042564,194.70140963647015,194.7014096364701,81.90716791463129,87.95335820042564
483.3986798649714,329.4505298014941,88.13346659156913,84.64501470040594,18.562712653006994,1.3664559743972344,1.3664559743967009,273.7839227888895,86.90956931606046,83.39310858938536,273.7839227888895,273.7839227888894,86.90956931606046,83.39310858938536
346.47424151866346,136.44279817248616,73.86431808895126,70.78451755853699,8.58579171035878,1.4302290077461977,1.430229007745688,102.5487528512055,72.14721181065809,69.0014665492059,102.5487528512055,102.5487528512055,72.14721181065809,69.0014665492059
438.0480576863301,122.61514431591854,47.21646888781235,46.08963526293532,7.662910146549331,1.7657117378022609,1.765711737801848,92.08083557442433,43.40583193487284,41.86630928261071,92.08083557442424,92.08083557442424,43.40583193487284,41.866309282610715
341.0747340470491,127.71776078043744,29.699380380191943,32.60070706877091,7.2334045703452805,2.1184590830453685,2.1184590830446797,105.17042426569708,19.346100854120234,24.01799321541447,105.17042426569708,105.17042426569724,19.346100854120273,24.017993215414382
441.0481136981025,217.5248106495547,58.73018430180548,60.030483963364745,19.369198060801814,2.4764262161542114,2.4764262161542114,45.28637218625184,54.72697773846675,56.154432755125235,45.28637218625205,45.28637218625205,54.726977738466914,56.154432755125235
546.5902796444491,203.26238600346517,98.37051620199908,93.1871612738322,9.648654602566625,2.714042953199018,2.714042953198749,181.29635662171606,95.653785114778,90.32461999828732,181.29635662171606,181.29635662171606,95.653785114778,90.32461999828773
410.0811405941076,266.0588155027837,117.57370662691837,111.30368406693967,11.26379528399697,2.7760969313196444,2.7760969313193815,239.60644254975006,115.18679096399613,108.76660588288274,239.60644254975006,239.60644254975006,115.18679096399627,108.76660588288289
420.99909566071625,220.61156121304836,110.33505596022896,110.06796213928021,17.519455018396922,2.660767927090498,2.660767927090498,112.65089648705661,107.92485923789485,107.63395671248139,112.65089648705661,112.65089648705661,107.92485923789485,107.63395671248139
389.0563522527704,144.0069979866242,89.71103698717745,93.04419807094804,4.853574916173671,2.279462271346839,2.279462271346839,136.78972274177775,87.19496608310988,90.6623900596212,136.78972274177775,136.78972274177775,87.19496608310988,90.6623900596212
544.3171441060267,186.4322618456146,66.26630868997489,68.73187332154014,16.425864904128947,1.8572079221159339,1.8572079221159339,59.31723674506887,63.5664998566549,66.21233596633265,59.31723674506887,59.31723674506887,63.5664998566549,66.21233596633265
276.173337250622,90.130529770737,45.77421793867028,44.783701402430125,6.019639569733907,1.049582944475077,1.0495829444743825,70.18146280015888,44.506161817064054,43.512728642006216,70.18146280015888,70.18146280015888,44.506161817064054,43.512728642006216
433.84427570151706,168.33170388908272,31.367709869370845,29.92632773839519,13.614844151806112,0.5650187148383077,0.5650187148383077,86.97518122918854,30.99365620855986,29.522815305833312,86.97518122918854,86.97518122918854,30.99365620855986,29.522815305833312
401.78663878526345,133.1512624835028,24.783675801053935,25.60505759565343,10.333004571984796,1.000949966837537,1.000949966836809,78.34255324511464,23.379826466721166,24.230343615569932,78.34255324511464,78.34255324511464,23.379826466721166,24.230343615569932
381.73395627613934,121.5053789194392,27.40518194429884,28.371311354896726,9.986614303805924,1.6826460667439722,1.6826460667439722,60.69467328715775,21.833723932848063,23.237811188779105,60.69467328715775,60.69467328715775,21.833723932848063,23.237811188779105
421.9423959440118,87.41854981519619,39.43437183297475,39.307692076549216,4.225172636523625,2.468580098680227,2.468580098679931,79.08639670574588,30.18873379559773,30.32316304596642,79.08639670574588,79.08639670574588,30.18873379559773,30.32316304596642
448.4518254634515,254.4210927009881,55.72959718990909,55.38407679348696,21.11336556984868,3.254128527026034,3.254128527026034,117.55308636113216,44.696450083701166,44.6000517718122,117.55308636113216,117.55308636113216,44.696450083701166,44.60005177181229
487.20562922190095,215.9810069492626,67.71537448590871,66.07602860414625,11.02810504123962,3.635237068709884,3.635237068709884,191.77188522211046,57.822444660040325,55.54724553405522,191.77188522211046,191.7718852221105,57.82244466004025,55.54724553405522
398.26031232072677,175.50386564764256,68.88268403235723,66.14694781517665,14.162873853718994,3.826174561050761,3.826174561050761,84.62161231234819,58.4528722464137,54.664813577967166,84.62161231234819,84.62161231234816,58.452872246413776,54.664813577967166
490.5767114893702,233.06885231672933,57.76425005216317,57.273773952873995,5.709973707979862,3.941829667417465,3.941829667417281,227.57909572784817,41.9991384417707,40.58200704128342,227.57909572784823,227.5790957278483,41.999138441770846,40.58200704128356
412.96752659730925,247.34169460093224,47.626370984937545,50.34899452379171,17.76262797828651,4.149326149719811,4.149326149719811,151.2620228111838,17.90608724318436,24.652078568661718,151.2620228111838,151.2620228111838,17.90608724318436,24.652078568661718
438.61709992968855,198.81636857460882,56.26350579582557,53.08813327718722,10.21576514520679,4.192352026739654,4.192352026739654,163.81701482066308,39.1194632198981,33.21930548501604,163.81701482066308,163.81701482066305,39.11946321989816,33.21930548501609
472.07961552632963,330.07326528799166,68.87499305229002,65.49745152959605,19.3029952565628,4.098543226718932,4.098543226718576,276.67436381476546,56.27287764810512,51.62890056042395,276.6743638147654,276.6743638147654,56.27287764810512,51.628900560423965
359.97645089719765,169.70684994889214,76.31508878759155,76.69993666441017,13.192898284247741,3.9151061904622675,3.9151061904622675,104.35460362414214,64.74094418704227,65.29470719171535,104.35460362414214,104.35460362414216,64.74094418704227,65.29470719171532
473.1177838443254,241.11445507332695,85.38306108523332,85.19870159003334,10.677522694705669,3.4995093269352817,3.4995093269352817,221.66226622230246,76.66573444467161,76.2467033742399,221.66226622230243,221.66226622230243,76.66573444467157,76.24670337423987
407.0257049528507,279.87724042244884,95.68247495105574,96.72132516833742,6.645624873960954,3.342469840889332,3.342469840889332,271.5264563481861,88.4392519809186,89.23265683542081,271.5264563481861,271.5264563481861,88.43925198091857,89.23265683542078
436.908626076056,281.4015480147615,113.48057038296814,111.00112971861785,17.1211364092163,3.1271772418611525,3.1271772418611525,237.9334615208456,107.90314115000402,105.2968823110977,237.93346152084567,237.93346152084567,107.90314115000402,105.29688231109773
365.3688705137109,259.2731457398972,129.39301748138104,125.14607490997636,14.705594247129056,2.8929007787100134,2.8929007787100134,222.34746971143593,125.36073568603312,121.0402611055379,222.3474697114359,222.3474697114359,125.36073568603312,121.04026110553787
397.2673757940284,213.36347561898782,134.5362512489139,134.3749652372188,4.8309385815774535,2.7697436071613644,2.7697436071608377,208.05921165521474,130.9960575572283,130.8740286774855,208.0592116552147,208.0592116552147,130.99605755722828,130.8740286774855
460.26966844823227,143.1987112509581,128.05990213784318,133.50365521199257,11.58831747223697,2.6648951319997622,2.6648951319997622,73.98312328399577,124.5823236877448,130.16581723303946,73.98312328399577,73.98312328399577,124.58232368774483,130.1658172330395
425.93584977414116,184.64326553363642,120.87698239643504,121.55105934958422,3.120833046402344,2.7158534620734347,2.7158534620734347,182.66507271684964,117.08289956716037,117.74327499100745,182.66507271684964,182.66507271684964,117.0828995671604,117.74327499100748
461.30310636004486,314.66759021542657,104.86467787788118,101.28580062141327,20.64315656330974,2.9526836423033025,2.9526836423033025,223.58054212307331,100.0229954738809,96.20601740702372,223.58054212307331,223.58054212307326,100.0229954738809,96.20601740702372
554.4503436593737,258.5127250909793,79.49864620209136,77.23048901406473,16.936292710422727,3.060582440847092,3.060582440847092,190.21260193979018,73.3934934120085,70.69499339476366,190.21260193979018,190.2126019397901,73.39349341200843,70.69499339476366
441.59214665227097,147.24429047792387,58.805184260890194,57.4856171498545,5.6345295413663,3.1094756968106885,3.1094756968106885,137.56878678934225,50.22595704186456,48.577271128811695,137.56878678934225,137.56878678934225,50.22595704186467,48.577271128811695
438.7845030755935,293.539100329011,53.267129109455155,52.67515123185208,24.383305485227652,3.3484273293397373,3.3484273293397373,118.94712124172011,40.92156041346285,40.211814279404415,118.94712124172011,118.94712124172011,40.92156041346285,40.211814279404436
380.00944809932173,224.9404084279126,59.41994570440964,59.400429533290804,9.20303533835113,3.5133245908970117,3.5133245908965964,207.6644312316507,47.59110710333978,47.74026541709149,207.6644312316507,207.66443123165064,47.59110710333978,47.74026541709149
438.580244503145,217.5202984133169,67.99862516590058,72.44906548893086,14.243087924996008,4.0701021763335925,4.070102176333413,149.06196953062613,54.45142448860052,60.2873124867068,149.06196953062607,149.06196953062607,54.4514244886006,60.2873124867069
387.22032275650565,171.6842714545267,80.46330051371687,84.64626646270803,13.472393995569954,4.771829778682533,4.771829778682379,101.07720429088253,65.51648435794958,71.04643882668663,101.07720429088253,101.07720429088253,65.51648435794958,71.04643882668663
428.866064870544,265.27205439842095,96.94519995383438,93.08003747161459,6.0341201396087945,5.6308371185234805,5.63083711852322,257.98621777813577,81.20818654854219,75.83346016709476,257.98621777813577,257.98621777813577,81.20818654854219,75.83346016709476
557.6069514612118,307.0420806270346,104.2444092188512,99.74806551226193,21.030395842447682,7.003363696805318,7.003363696805214,205.19954599209265,78.64864744765185,70.89130836950704,205.19954599209265,205.19954599209265,78.64864744765185,70.89130836950704
405.13179825436185,121.06079826537395,112.15059102197952,111.07681865946856,9.873407621273778,9.085678984498871,9.085678984498712,64.9602744066877,58.26891699552373,56.03844648819005,64.9602744066877,64.9602744066877,58.26891699552393,56.03844648819005
303.8846336158536,134.723160995835,132.1783115909377,130.4823037000969,7.100698128091242,11.462521039052774,11.462521039052774,119.69908932674602,42.26678309567221,38.45005538003739,119.69908932674602,119.69908932674602,42.26678309567221,38.45005538003739
426.7536665310114,255.7719803046461,160.8578444606073,159.38037997708838,15.822801281633653,14.232897731229697,14.232897731229697,183.66499859510614,38.05872617612322,33.22877944237083,183.66499859510614,183.66499859510614,38.05872617612322,33.22877944237083
464.55378748020837,231.75713882375751,189.85990424310006,191.31387828287706,20.2137696020675,17.06221481036957,17.06221481036957,82.86164060166011,36.13939236199158,41.01113240048491,82.86164060166011,82.86164060166011,36.139392361991405,41.01113240048491
485.3879955408378,160.58480703371694,221.58266839305136,223.305106797565,4.779648828420427,20.00501444301932,20.00501444301932,154.08659829248649,41.59598790710629,47.23721920060233,154.08659829248649,154.08659829248649,41.59598790710629,47.23721920060233
363.6824504881041,168.66459842864035,260.08679805480466,259.9281792303621,12.52099091994683,23.51550825612488,23.51550825612488,117.20111152294372,49.110098118163904,48.64637174079427,117.20111152294372,117.20111152294372,49.110098118163904,48.646371740794464
577.5777171514993,311.65385963909875,307.16473736535573,305.7968132281991,21.32554728399977,27.94866823480829,27.94866823480829,223.7435571192791,52.9936232111816,47.63155032933291,223.74355711927905,223.74355711927905,52.993623211181536,47.63155032933303
331.75660023202914,161.3339288573298,358.6648660041716,358.1735491049247,9.946513948770937,33.03077548915203,33.030775489152,132.34865623914075,47.217542511572496,44.843004837516006,132.34865623914075,132.34865623914075,47.217542511572496,44.843004837516176
496.942450528145,117.61532879247544,423.59978284020923,423.48876704664167,7.469131356125264,39.44871555231244,39.44871555231243,90.96256832297952,41.408561029841955,40.364970001971336,90.96256832297952,90.9625683229797,41.40856102984195,40.36497000197156
512.2287872837413,229.6014623806342,501.7752473041017,502.48433886652566,12.459610205238205,47.300913642830665,47.30091364283064,191.01657336621258,34.68018085385324,38.74678579205811,191.01657336621258,191.01657336621278,34.68018085385324,38.74678579205811
404.77672370037885,282.4293892989791,593.7937614198122,594.5279597336923,24.01752775127432,56.62192512223538,56.62192512223538,125.00724396541021,40.10505819519787,44.55201941678509,125.00724396541021,125.00724396541021,40.10505819519746,44.552019416784674
551.742176251558,259.12912931240834,698.7081098013032,697.8252753140341,18.24299426726444,67.52927455621176,67.52927455621176,182.99777068358873,58.75333551049711,53.43817584234446,182.99777068358873,182.99777068358873,58.75333551049711,53.43817584234446
411.32708774584,326.3667748619273,813.8870193598812,812.7349448656975,13.31137324258974,80.69632172909856,80.69632172909856,305.0328847886451,66.29101108992357,59.30653887668185,305.0328847886451,305.0328847886451,66.29101108992357,59.30653887668185
436.6441264265774,276.01212941429185,933.0340085824743,932.6247728629338,16.598730670802087,96.09065475540933,96.09065475540933,218.96416760368737,62.68624796458937,60.19612996605167,218.96416760368737,218.96416760368737,62.68624796458937,60.19612996605167
465.4102792466739,192.87543053330407,1048.3718810642767,1048.796309673455,14.911931254892826,113.76649916903494,113.76649916903494,105.50064325197529,54.636144582547225,57.3304723576558,105.50064325197529,105.50064325197546,54.63614458254726,57.33047235765572
419.84120391621,140.5420744101967,1147.3525045623796,1148.220841197786,3.1155009949811916,133.3367901368568,133.3367901368568,137.1825919761665,47.16478892069052,53.14791268688825,137.1825919761665,137.1825919761665,47.16478892069052,53.147912686888155
410.0384121363511,258.2323732833,1218.5470762380946,1218.2827197151007,6.183418265206282,154.49543722060034,154.49543722060034,248.98471266870646,50.62283973206743,48.3900851627432,248.98471266870646,248.98471266870646,50.62283973206733,48.3900851627432
460.6243082186306,377.5558035629942,1248.6976348747346,1247.5162001461213,26.47442721971145,176.7141951645071,176.7141951645071,249.5244457971553,49.8969101168812,41.06778881871894,249.5244457971553,249.5244457971553,49.8969101168812,41.06778881871894
429.9711247275662,146.16993661770655,1229.5180497500667,1229.283079160237,12.843590862917642,160.33960078966066,160.33960078966066,56.106212599182385,35.61742297433495,33.97987125041144,56.106212599182385,56.106212599182385,35.61742297433495,33.97987125041144
515.9305476222489,211.32192129377037,1166.7114838218477,1166.6415381971779,15.765670329029131,138.0958794437215,138.0958794437215,123.8164186672879,42.16676085183701,41.636246423675395,123.8164186672879,123.8164186672879,42.16676085183701,41.636246423675225
490.16322297508304,268.4772315035623,1071.1204441650127,1070.776727945498,5.254116783303435,117.39269666454024,117.39269666454027,264.61211439171825,64.60502490802928,62.086089003567324,264.61211439171825,264.61211439171825,64.60502490802922,62.08608900356726
458.4859039409574,213.47245652434907,951.5940884432256,951.8930732281397,14.626726646413529,98.32127217667393,98.32127217667392,138.15796611713796,77.27534868923726,79.55148467567805,138.15796611713796,138.15796611713796,77.27534868923726,79.55148467567805
428.6964232415818,164.77411026976364,822.996675902719,823.0659001713583,14.001755089412079,81.36303674538887,81.36303674538887,71.6202682886444,85.30960045149045,85.82282551675999,71.6202682886444,71.6202682886444,85.30960045149045,85.82282551675999
527.9086131657581,420.7907658373015,699.2783917637191,698.4394614232324,18.247830816943107,67.00934670398523,67.00934670398523,371.1556933876825,86.08181940809251,80.55084583706783,371.1556933876825,371.1556933876825,86.08181940809251,80.55084583706783
517.8683974918578,189.94594822108624,586.6100769364194,586.6562962653667,5.618893350307182,55.17836559092554,55.17836559092554,181.65473248925795,69.8343112132207,69.84505163114127,181.65473248925795,181.65473248925795,69.83431121322073,69.8450516311413
410.5408420956052,101.72108726516856,486.0605852171843,486.82105231790524,3.262412144054278,45.094059638509044,45.094059638509044,94.79896947977025,58.63263643592362,63.116850321833894,94.79896947977025,94.79896947977036,58.63263643592362,63.116850321833894
516.7522998882129,235.035382042707,400.74402927052574,401.1497988454361,22.618584381109734,36.5858095193874,36.58580951938738,56.45585887218179,64.03911859003186,66.40312754149045,56.45585887218179,56.45585887218179,64.03911859003186,66.40312754149045
463.41676433162417,273.97834804995944,327.5126408107217,327.0305339699607,20.460645753743787,29.209980000370482,29.20998000037051,188.1229108993175,80.28902066667413,78.44632320496996,188.1229108993175,188.12291089931762,80.28902066667413,78.44632320496996
444.74495310464084,183.05089495523842,263.89928209152083,263.60468894891096,12.26297398918314,22.7874680505849,22.787468050584835,125.02157204272224,95.42986742193972,94.20691134849662,125.02157204272224,125.02157204272224,95.42986742193972,94.20691134849662
504.7678245431034,286.73144428666035,213.7284379416004,212.8653448825114,16.073378139532743,17.479629525875616,17.47962952587553,245.39772262696158,108.16414866712813,106.15491860076895,245.39772262696158,245.39772262696158,108.16414866712822,106.15491860076895
442.44454566829603,224.54497628331364,176.574917331553,175.44610540965704,0.7770356003654595,13.598365613249943,13.598365613249888,224.45353852588167,107.47187784216415,106.15105948754082,224.45353852588167,224.45353852588167,107.47187784216415,106.15105948754082
421.48021349792754,243.3090017512526,139.84076618662783,139.84063893337424,18.38236145750729,10.465828228830546,10.465828228830546,132.30679444334294,88.73936123132525,90.16826860696358,132.30679444334294,132.30679444334294,88.7393612313252,90.16826860696354
550.5797009191057,265.2577806256569,106.0357339097106,104.48553510103147,7.955257161690284,8.098629972259769,8.09862997225986,251.85326757237746,64.60621737760903,61.817034805513515,251.85326757237746,251.85326757237746,64.60621737760898,61.817034805513515
534.8710458933982,258.75149005040527,78.08679130042272,75.46808436055625,18.798813487469435,6.358522242998672,6.358522242998785,164.435487366199,41.50147900776303,35.60699784473812,164.435487366199,164.435487366199,41.50147900776305,35.60699784473812
435.84103858129043,273.01249620714674,70.3106080818004,66.9777269262445,24.238968122192116,5.151908054891077,5.151908054891077,74.94130543689468,44.44605145682423,38.956257001232736,74.94130543689468,74.94130543689468,44.44605145682423,38.95625700123274
538.8237653742414,302.4547827894567,76.29811442611168,74.4273596108771,23.614730558845263,4.487353581323781,4.487353581323618,170.12843656870362,59.23619995040341,56.843004373550826,170.12843656870362,170.12843656870362,59.23619995040344,56.84300437355085
400.3344703208638,295.86752804920656,76.91780397617353,79.58409084473367,27.138379593201076,4.221405965926557,4.221405965926557,38.522281946655525,63.30485328191239,67.16353855716655,38.52228194665553,38.52228194665552,63.30485328191239,67.16353855716655
335.9148909853611,272.3709451268949,74.264339928916,78.5202441994428,21.197514077558285,4.256429845300727,4.256429845300385,151.59763514327463,61.421335124907664,67.24575511169212,151.59763514327463,151.59763514327463,61.42133512490769,67.2457551116921
363.2329936967834,249.26103711830766,74.62437311111768,74.57056330015415,20.114796036343346,4.656012263560585,4.656012263560742,117.212542792661,59.408442248428436,59.42937271224069,117.212542792661,117.212542792661,59.40844224842841,59.42937271224066
404.4398819221196,233.2040148220727,75.09720396774573,71.05546950971734,12.630652133982487,4.910962908728639,4.910962908728788,185.05109961775523,54.572810999916946,49.01906965159733,185.05109961775523,185.0510996177552,54.57281099991696,49.01906965159733
528.1442565626569,212.46296915747837,74.21918565623838,73.84856153184253,16.31502510930239,4.978328516518492,4.978328516518347,124.79472161886532,51.65595564735586,51.869162329147095,124.79472161886532,124.79472161886532,51.65595564735586,51.869162329147095
480.9034440427962,234.97740808346526,91.74091052218552,89.22569160103883,10.654293389862854,4.79127193301467,4.79127193301467,215.17059508306068,81.52268965897152,78.54509796544323,215.1705950830607,215.17059508306076,81.5226896589716,78.54509796544328
460.2583255789416,310.65053513066465,122.93644788738709,119.26918550686854,24.101183823895372,4.774406470592718,4.774406470592718,178.98302398690055,116.38664482587588,112.51001659248818,178.9830239869006,178.9830239869006,116.38664482587593,112.51001659248824
437.13867195638664,239.34635398238177,145.4696463885047,142.74426288971563,12.638858315169381,4.669400995611095,4.669400995611251,199.4460819481621,139.7023691093323,136.93863952914083,199.44608194816217,199.44608194816217,139.70236910933235,136.93863952914086
417.7467240923295,293.7191127311201,149.5173639290558,148.17065397126646,10.431635492507525,4.406315479377916,4.406315479377916,276.7856561654187,144.09775786779628,142.71446533151976,276.7856561654187,276.7856561654187,144.09775786779628,142.71446533151976
344.1601175306762,158.42947474270088,133.1274427000644,135.22474567437482,13.200016573769293,4.206748197175823,4.20674819717617,65.23211783427213,127.2640096109694,129.43501224024615,65.23211783427213,65.23211783427213,127.2640096109694,129.43501224024612
397.21072433649084,212.92379747216052,112.2927878861861,111.34610943360384,13.195596705095852,3.8366965367321413,3.8366965367323314,159.10281110988262,106.6296739699686,105.56503971218203,159.10281110988262,159.10281110988262,106.6296739699686,105.56503971218203
456.65006150395067,203.72017410655852,93.30096022138763,91.07659963036777,11.388286441492053,3.433662926443586,3.4336629264429486,160.78873946394685,88.52922755560192,86.21695563778452,160.78873946394685,160.78873946394685,88.52922755560192,86.21695563778448
451.9811589968279,109.15845383832126,85.6056516423714,86.43234000511606,3.507566115735245,2.9972623928346374,2.9972623928346374,101.86792087016117,81.7437980137154,82.59357720715269,101.86792087016117,101.86792087016117,81.7437980137154,82.59357720715269
397.27529109147065,190.35296016765776,91.56757980828513,91.72620468931028,10.7893419737882,2.6375698902690075,2.6375698902692837,160.69753382105594,88.38574281595564,88.59669715012723,160.69753382105594,160.69753382105594,88.38574281595564,88.59669715012723
438.8500213876401,107.58370408045876,96.03537301328943,97.13505981644275,3.1362908766848028,2.4589944756526325,2.458994475652336,103.10752942685156,93.47140493443575,94.69476742349094,103.10752942685156,103.10752942685156,93.47140493443575,94.69476742349094
530.247224496589,314.73276678041736,98.77238193758723,101.23488436572562,22.529824060984396,2.312276073234275,2.31227607323459,216.86076551058423,96.76319012470647,99.31694710791385,216.86076551058423,216.86076551058423,96.76319012470647,99.3169471079142
597.3595357016736,425.9509369811068,103.87531123063876,102.76264536322951,33.24559729119053,2.2678919508997604,2.2678919508997604,263.51429402570204,102.16384282565883,101.02572077811828,263.51429402570204,263.51429402570204,102.16384282565883,101.02572077811828
419.5023068853547,211.1387733508291,101.08686238158579,96.2155290562803,13.381040889993132,1.970374824487979,1.970374824487979,154.75004444432176,99.68723239950235,94.77688476428798,154.75004444432176,154.75004444432187,99.68723239950229,94.77688476428798
457.86370945646473,290.8458411087961,84.50533708398272,80.63737390872761,10.353273104700373,1.6679786707097677,1.6679786707106419,268.9194287598706,83.27692616398377,79.35281906331106,268.9194287598706,268.9194287598706,83.27692616398377,79.35281906331106
380.5807878971197,245.1531514437929,67.53734855979587,65.6861546248662,16.2100691925451,1.4703027807525133,1.4703027807530091,180.37919034645935,66.01110229191261,64.12510130592436,180.37919034645958,180.37919034645958,66.01110229191272,64.12510130592446
469.0670012366504,269.1027721693234,68.31776776002687,63.354413785426,18.669821088067735,1.4287805004800376,1.4287805004790173,198.1538450715497,66.69524595452364,61.49814535257445,198.1538450715497,198.1538450715497,66.69524595452349,61.4981453525746
435.0157484766344,230.06748063851686,65.83372267301687,67.08504698679016,18.966792846187893,1.1597174043507672,1.1597174043501386,132.0460013846304,64.63454332812098,65.89885619199853,132.0460013846304,132.04600138463042,64.63454332812078,65.89885619199853
397.77292318358576,199.54394844351555,63.17116485090107,67.44932155562545,14.709388329880387,1.1928292083053027,1.1928292083053027,128.5540752400197,62.07895704249398,66.37725058012148,128.5540752400197,128.5540752400197,62.07895704249398,66.37725058012148
333.799846411308,176.12682718992085,70.01723158402984,66.0057448909033,6.872200906646613,1.282741539453039,1.2827415394519024,161.7459179540467,68.98438388342966,64.83018783560793,161.7459179540467,161.745917954047,68.98438388342966,64.83018783560793
539.8957139117662,267.5888595284668,76.21722838498818,68.6308622099203,19.155672525219835,1.2769448265490781,1.27694482655022,185.6853947101858,75.37998863101636,67.69621623117808,185.6853947101858,185.6853947101858,75.37998863101636,67.69621623117827
546.0198937133955,315.93685093178,76.54162920355097,73.13297945937295,15.364857388373714,1.0218811512169734,1.0218811512169734,285.3153739669119,76.03998151788373,72.61015889775848,285.3153739669119,285.3153739669119,76.03998151788373,72.61015889775848
515.7695715659993,306.8112193102628,69.28327503386805,74.55881090377844,21.71384375856829,0.8972647729217568,0.8972647729217568,205.46658090470922,68.87954114728213,74.18578602990574,205.46658090470928,205.46658090470908,68.87954114728234,74.18578602990563
373.86247333462364,219.2200491184598,68.16938493041715,75.3225294241298,10.254495607560806,0.49973809193579244,0.49973809193287516,186.87767033997127,68.0281450772805,75.19011855575685,186.8776703399712,186.8776703399712,68.02814507728037,75.19011855575674
494.47390347849,195.48366089634789,85.87582276362039,82.50005037991541,7.0899739172825935,0.4553597448288188,0.4553597448256173,184.91212703219077,85.79369639034232,82.41387057414852,184.91212703219088,184.91212703219088,85.79369639034232,82.41387057414852
423.6727526463666,273.7205693633658,103.29912455259164,94.06709920604617,7.3497299646827985,0.9369659415531774,0.9369659415508435,261.1086659743841,102.97884220484167,93.72054918665152,261.1086659743841,261.10866597438405,102.9788422048416,93.72054918665155
481.71426544577605,287.943250462336,104.88732407682696,101.58625997750798,14.170875161754712,1.472646347351537,1.4726463473500517,261.56466533615406,103.97774135522137,100.67618053106925,261.56466533615406,261.56466533615406,103.97774135522137,100.67618053106922
406.71118418488913,155.7935341203571,95.79951116816113,100.03222332129627,11.26781716958877,1.8002673245302898,1.80026732452948,106.14329100631822,94.41339557470597,98.69685739233154,106.14329100631814,106.14329100631814,94.4133955747059,98.6968573923314
427.83565375918704,259.9745264925097,84.56067507539062,90.21134625963336,15.125281421883084,2.112734226474292,2.112734226474637,203.84130932447502,82.5636604506808,88.25133771359432,203.84130932447482,203.84130932447482,82.56366045068069,88.25133771359422
400.7696440969679,121.66183847650622,74.24618592069248,74.04366785010144,6.103439531014667,2.2585841936411035,2.2585841936417492,103.4667747336493,71.754729861154,71.52432708844977,103.4667747336493,103.4667747336493,71.754729861154,71.52432708844977
505.32046017238355,238.77203773429594,58.463562761346196,54.7313807578548,6.268640645538691,2.439479883404907,2.439479883404907,232.41804165809447,54.711752642777114,50.7065369375891,232.41804165809447,232.41804165809458,54.711752642777114,50.7065369375891
488.01181758694423,179.05125217090253,38.009848471250415,39.75448199658346,13.46153643225088,2.5553395418371285,2.5553395418371285,113.75138208353782,28.361454138351608,30.20643858212082,113.75138208353782,113.75138208353782,28.361454138351608,30.20643858212082
381.1995685782623,152.68275594164004,34.97756350871205,36.55434346468344,11.803451750861763,2.547824875357766,2.547824875358052,89.34589920468646,20.820922264545416,23.009661447247446,89.34589920468646,89.34589920468646,20.820922264545416,23.009661447247446
431.54888244902037,172.72485821207204,42.8135258051863,41.25045260037281,6.489606016305828,2.4858946292282313,2.4858946292276447,162.90887346427004,33.50829997333179,31.681398034688627,162.90887346427004,162.90887346427004,33.508299973331845,31.6813980346887
377.96269679282733,136.59340091043296,45.48007525219662,44.67122474675724,11.78971025104454,2.538002882494767,2.538002882494193,59.120711110274286,38.54222671657781,37.85379757254913,59.120711110274286,59.120711110274286,38.54222671657781,37.85379757254913
357.5110642267331,165.68174189350316,47.269366499134215,46.01624490045638,11.032107832554578,2.4505664965198295,2.4505664965198295,125.03026602703451,42.11296667996607,40.40139779754681,125.03026602703451,125.03026602703446,42.11296667996607,40.40139779754681
397.7087651788913,127.22708191937832,57.9741930223247,57.291479464262764,10.141504730934825,2.549013685717114,2.549013685717114,75.24111357834832,51.95182568049761,51.31519298623987,75.24111357834825,75.24111357834825,51.951825680497514,51.31519298623966
417.7403787261722,255.72332563759147,76.63861152843333,77.48764832065315,20.334378668672418,2.727928401816006,2.727928401816006,123.67347119641424,71.24835547046214,72.40712301109917,123.67347119641424,123.67347119641424,71.24835547046212,72.40712301109917
495.694941769847,173.86215085296556,97.03327266263295,97.3659642441435,7.390122158981591,3.52216537735119,3.5221653773507757,161.9467009359854,90.72474636649763,91.09923546782734,161.9467009359854,161.9467009359854,90.72474636649763,91.09923546782734
555.5116847548574,372.9766153946478,108.04661103818637,106.8599847618126,31.769375943631402,4.580857245684477,4.580857245684477,133.8466033025305,98.96331479435959,97.35072126856431,133.8466033025305,133.84660330253047,98.96331479435959,97.35072126856431
398.9068422937612,204.02375050483187,108.11410054639954,104.7515412884747,13.134885144501604,5.666311991802324,5.666311991802195,140.93141335273916,94.50642226558848,89.88235320676031,140.93141335273916,140.93141335273913,94.50642226558848,89.88235320676031
372.96534280186603,253.08069687241786,106.03837642055764,103.00882731600583,21.02636885353416,7.072685681536307,7.072685681536307,131.3393191158932,81.23523499881856,76.25143758140428,131.3393191158932,131.3393191158932,81.23523499881856,76.25143758140428
396.32232787673234,259.02343472192064,113.66102184120663,113.67798224581544,18.635012816491912,9.006836265599357,9.006836265599357,165.21304430016735,69.11542127207576,69.7231272252059,165.2130443001673,165.2130443001673,69.11542127207576,69.72312722520587
378.64562617231684,179.44063879348818,140.82186134374786,145.36467173065918,9.594769277901385,11.443571384043448,11.443571384043382,143.25567876480963,77.8888466957867,88.85945158607663,143.25567876480963,143.25567876480963,77.88884669578671,88.85945158607666
406.9089047802398,130.14510646996231,196.58746215510945,201.69176515233823,6.948398665546635,14.268872857266386,14.268872857266386,109.45818276057022,133.81572710181757,143.20447813333863,109.45818276057022,109.45818276057022,133.81572710181757,143.20447813333863
580.753729794166,465.13501357559466,276.9770149688178,277.47882325702915,23.817582791680607,17.423094002981898,17.423094002981816,389.26499965134747,218.54186742567705,219.09949520447117,389.26499965134747,389.26499965134747,218.54186742567708,219.09949520447117
